java,1020
android,225
spring-boot,71
spring,70
hacktoberfest,62
kotlin,54
android-library,40
database,38
javascript,32
python,31
mysql,31
redis,30
library,29
jvm,29
big-data,29
microservices,28
springboot,26
minecraft,25
docker,24
maven,24
sql,24
spring-cloud,23
mybatis,22
gradle,22
animation,21
material-design,21
jdbc,19
javafx,19
json,18
framework,18
java-library,17
rest-api,17
api,16
testing,16
data-structures,16
java8,16
kafka,16
web,14
hibernate,14
algorithms,14
rest,14
jwt,13
spring-security,13
cloud-native,13
scala,13
c,12
kubernetes,12
material,12
security,12
iot,12
http,12
machine-learning,12
elasticsearch,12
static-analysis,12
java-8,12
performance,12
orm,12
android-ui,11
aws,11
spring-mvc,11
monitoring,11
sdk,11
rxjava,11
mobile,11
postgresql,11
game,11
cloud,11
algorithm,11
cpp,10
leetcode,10
open-source,10
web-framework,10
intellij,10
groovy,10
reactive,10
swagger,10
ios,10
video,10
distributed,10
bukkit,10
csharp,10
vue,10
jpa,9
bytecode,9
concurrency,9
network-server,9
metrics,9
restful,9
ui,9
authentication,9
interview,9
xml,9
mongodb,9
php,9
microservice,9
hadoop,9
spring-cloud-core,9
spigot,8
oauth2,8
parser,8
ddd,8
junit,8
demo,8
serialization,8
ssm,8
android-studio,8
high-performance,8
springcloud,8
design-patterns,8
compiler,8
zookeeper,8
forge,8
sqlserver,8
distributed-systems,8
spark,8
low-latency,7
tracing,7
spring-data,7
html,7
thread,7
recyclerview,7
minecraft-server,7
graphql,7
android-development,7
markdown,7
ffmpeg,7
geospatial,7
interview-questions,7
nacos,7
functional-programming,7
view,7
ruby,7
springframework,7
intellij-plugin,7
nosql,7
oracle,7
opengl,7
openapi,7
linux,7
tomcat,7
apk,6
maven-plugin,6
image,6
instrumentation,6
search,6
annotation-processor,6
typescript,6
reverse-engineering,6
internet-of-things,6
network-client,6
audio,6
springmvc,6
design,6
reactive-streams,6
vertx,6
static-code-analysis,6
crawler,6
bitcoin,6
authorization,6
chat,6
nlp,6
asynchronous,6
shiro,6
rpc,6
stream,6
sso,6
weixin,6
bot,6
p2p,6
apache,6
aop,6
ai,6
hive,6
async,6
dubbo,6
lwjgl,5
distributed-tracing,5
tensorflow,5
discord,5
samples,5
alibaba,5
jar,5
rxjava2,5
nio,5
swift,5
lucene,5
scripting-language,5
c-plus-plus,5
artificial-intelligence,5
unit-testing,5
music,5
kotlin-android,5
golang,5
netty,5
gui,5
image-processing,5
logger,5
proxy,5
server,5
apm,5
xmpp,5
collections,5
messaging,5
widget,5
dynamic,5
grpc,5
openstreetmap,5
websocket,5
cplusplus,5
consensus,5
interview-practice,5
map,5
blog,5
content,5
pdf,5
flink,5
mqtt,5
desktop,5
db2,5
mod,5
scheduler,5
cross-platform,5
downloader,5
cache,5
android-application,5
material-ui,4
native,4
selenium,4
dns,4
sort,4
sponge,4
push-notifications,4
network,4
hackerrank,4
search-engine,4
integration,4
macos,4
learning,4
spring-boot2,4
viewpager,4
jsoup,4
thread-pool,4
ast,4
data-science,4
stack,4
springboot2,4
element-ui,4
gradle-plugin,4
spring-framework,4
javaee,4
mapreduce,4
custom-view,4
gamedev,4
raft,4
streaming,4
oop,4
servlet,4
logging,4
containers,4
devops,4
opengl-es,4
continuous-delivery,4
reactor,4
analytics,4
rust,4
spring-cloud-alibaba,4
cms,4
angular,4
elk,4
game-engine,4
gps,4
go,4
android-app,4
jwt-authentication,4
workflow,4
graph,4
decompiler,4
annotations,4
mina,4
jabber,4
quartz,4
jetbrains,4
rabbitmq,4
time-series,4
distributed-configuration,4
wechat,4
plugin,4
react,4
mariadb,4
privacy,4
visualization,4
twitter,4
code-generator,4
awesome,4
optimization,4
http-client,4
zipkin,4
code-analysis,4
css,4
eclipse,4
deep-learning,4
agent,4
jpeg,3
guava,3
code-quality,3
http-server,3
android-tv,3
scalability,3
instagram,3
leetcode-java,3
test-automation,3
domain-driven-design,3
key-value,3
libgdx,3
synchronization,3
phpstorm-plugin,3
trading,3
algebraic-data-types,3
ssh,3
metadata,3
protocol,3
diff,3
monad,3
dialog,3
hacking,3
notes,3
dotnet,3
notifications,3
interview-preparation,3
screenshot,3
self-hosted,3
extract,3
textview,3
postgres,3
mocking,3
spring-cache,3
language-support,3
validation,3
jdk,3
instant-messaging,3
threadsafe,3
amazon,3
ioc,3
jni,3
project-management,3
platform,3
javadoc,3
parquet,3
gc,3
configuration-management,3
book,3
engine,3
javafx-application,3
encryption,3
db,3
camera,3
rocketmq,3
sms,3
calendar,3
persistence,3
bash,3
annotation,3
qr-code,3
openapi-specification,3
phpstorm,3
crypto,3
code,3
music-player,3
tools,3
snippets-collection,3
pdfbox,3
java-agent,3
jackson,3
microprofile,3
queue,3
webframework,3
immutable-collections,3
media-server,3
jax-rs,3
azure,3
language,3
swing,3
optics,3
nodejs,3
java-api,3
lambda,3
graalvm,3
workflow-engine,3
activerecord,3
app,3
credit-card,3
examples,3
pull-to-refresh,3
monoid,3
forum,3
google,3
mixins,3
bpmn,3
java11,3
data-analysis,3
broker,3
api-management,3
bigdata,3
architecture,3
car,3
pathfinding,3
minecraft-mod,3
deserialization,3
tutorial,3
scheduling,3
json-parser,3
velocity,3
mercyblitz,3
awesome-list,3
jsp,3
thymeleaf,3
orchestration,3
transition,3
spring-webflux,3
analysis,3
facebook,3
svg,3
discord-bot,3
mvc,3
build-tool,3
cordova,3
storage,3
jitpack,3
objective-c,3
analyzer,3
gson,3
auth,3
custom,3
openapi3,3
multithreading,3
automation,3
test-framework,3
ssh-client,3
ripple,3
log4j2,3
snippets,3
distributed-database,3
bytecode-manipulation,3
github,3
javaweb,3
photo,3
windows,3
map-matching,3
oauth,3
android-sdk,3
dsl,3
maps,3
dlna,3
continuous-deployment,3
spring-boot-starter,3
okhttp3,3
guide,3
utils,3
batch-processing,3
dependency-injection,3
sqlite,3
concurrent-programming,3
eclipseiot,3
echarts,3
sorting-algorithms,3
data,3
prometheus,3
httpclient,3
2d,3
cassandra,3
api-gateway,3
client-library,3
clojure,3
autocomplete,2
craftbukkit,2
spigot-fork,2
web-app,2
zxing,2
nextcloud,2
report,2
dapper,2
full-stack,2
ssm-demo,2
sentinel,2
opensource,2
color-picker,2
bitcoinj,2
ik-analysis,2
playstore,2
replication,2
play-framework,2
callgraph,2
dmn,2
baidu,2
snippets-library,2
assertj,2
agile,2
micro-framework,2
lock-free,2
translate,2
chinese,2
exception,2
swagger-ui,2
database-administration,2
testcontainers,2
scripting,2
rbac,2
pig,2
education,2
commonmark,2
xmpp-client,2
dynamic-threadpool,2
android-architecture,2
opcua,2
nfc,2
deserialize,2
wechat-sdk,2
webp,2
template-engine,2
uni-app,2
tracking,2
concurrent,2
bot-api,2
property-based-testing,2
transpiler,2
token,2
clustering,2
bpm,2
openjdk,2
metaprogramming,2
backend,2
crash-reporting,2
git,2
observability,2
sonarcloud,2
static-analyzer,2
akka,2
aac,2
performance-analysis,2
build-management,2
client,2
spongepowered,2
service-discovery,2
calcite,2
gis,2
constraint-solver,2
hospital,2
prettier,2
gwt,2
segwit,2
mail,2
batch,2
alipay,2
feature-flags,2
camel,2
shell,2
opencl,2
coding-interviews,2
profiler,2
easyui,2
email,2
algebra,2
java17,2
hotspot,2
java-ee,2
bech32,2
aspectj,2
java-collections,2
ml,2
roadmap,2
mapper,2
game-development,2
cas,2
angularjs,2
spock,2
functions,2
mvvm,2
hashing,2
interviews,2
html5,2
plugins,2
junit4,2
rule-engine,2
engineering,2
uniapp,2
card,2
interpreter,2
retail,2
constraint-programming,2
spatial-analysis,2
rapid-development,2
realtime,2
aliyun,2
mhealth,2
fabric,2
dom,2
reporting,2
gif,2
vulnerability,2
heap,2
ldap,2
stream-processing,2
kanban,2
android-sample,2
dropwizard,2
wxpay,2
code-generation,2
google-maps,2
virtual-machine,2
timber,2
text,2
activemq,2
monitor,2
cracking-the-coding-interview,2
mobile-database,2
perl,2
vehicle-routing-problem,2
fab,2
matrix-library,2
export,2
graphql-java,2
sns,2
aws-sdk,2
tika,2
logs,2
mycat,2
png,2
headless-commerce,2
in-memory,2
docker-compose,2
community,2
circuit-breaker,2
testing-tools,2
3d,2
dijkstra,2
feature-toggles,2
joda,2
exploit,2
mp4,2
macosx,2
error,2
asciidoctor,2
cryptocurrency,2
jenkins,2
crop,2
qrcode,2
editor,2
presto,2
discord-api,2
apis,2
actors,2
poi,2
loading,2
vulkan,2
tiff,2
healthcare,2
serializer,2
solver,2
real-time,2
netflixoss,2
dex,2
programming,2
protobuf,2
admin,2
glsl,2
video-downloader,2
mqtt5,2
webcam-capture,2
social-network,2
database-management,2
exchange-api,2
metaheuristics,2
malware,2
kali,2
primitive-collections,2
device-management,2
rfc7807,2
obfuscation,2
openhab,2
firebase,2
symfony,2
fastjson,2
vaadin,2
deeplearning4j,2
atomix,2
tsdb,2
coap,2
cron,2
mit-license,2
state-machines,2
spi,2
saml,2
problems,2
smarthome,2
redis-client,2
robolectric,2
opentracing,2
end-to-end-encryption,2
blockchain,2
menu,2
home-automation,2
java-client,2
finance,2
jdk8,2
testng,2
tts,2
list,2
camera-api,2
microg,2
papermc,2
toolbar,2
bedrock-edition,2
ctf-tools,2
resilience,2
ocr,2
spring-data-rest,2
dl4j,2
upnp,2
dubbo-demo,2
mindorks,2
signal,2
executor,2
constraints,2
fxgl,2
launcher,2
emulator,2
jda,2
abstract-syntax-tree,2
assertions,2
native-libraries,2
diff-algorithm,2
rtp,2
knowledge-graph,2
reverse-proxy,2
minecraft-forge,2
graph-algorithms,2
dtls,2
onboard-diagnostics,2
mock-server,2
project-planning,2
cdc,2
astar,2
spongeapi,2
filters,2
mixin-framework,2
networking,2
java-interview,2
bbs,2
nginx,2
dart,2
connection-pool,2
spider,2
peer-to-peer,2
glide,2
cli,2
aws-elasticache,2
gateway,2
redis-cluster,2
websso,2
log,2
toast,2
osgi,2
commandline,2
rad,2
spring-boot-2,2
yaml,2
debugging,2
logcat,2
sql-statement,2
timeseries,2
pubsub,2
database-migrations,2
fdroid,2
linkedin,2
distributed-computing,2
instagram-api,2
scale,2
trino,2
computer-vision,2
javablog,2
io,2
sftp,2
twitch,2
tower-defense,2
graph-api,2
problem,2
gcp,2
file,2
collaboration,2
proguard,2
r2dbc,2
java-sdk,2
rules-engine,2
jit,2
retrofit2,2
object-oriented,2
string-distance,2
logback,2
graal,2
distributed-lock,2
mapbox,2
comparison,2
asm,2
process-engine,2
adb,2
http2,2
vector,2
material-components,2
messenger,2
sharding,2
websockets,2
consensus-algorithm,2
minecraft-performance,2
streams-api,2
apache-maven,2
embedded-database,2
paper,2
gplv3,2
hot-reload,2
geolocation,2
serialize,2
deployment,2
visualizer,2
raft-consensus-algorithm,2
vsphere,2
blur,2
linear-algebra,2
dagger,2
website,2
minecraft-api,2
mqtt-protocol,2
zipkin-brave,2
java-bytecode,2
flutter,2
pwa,2
spring-boot-demo,2
grpc-java,2
opencv,2
druid,2
middleware,2
13,2
solutions,2
bedrock,2
formatter,2
health,2
keycloak,2
java-virtual-machine,2
datastructures,2
exchange,2
listview,2
autoplay,2
jetty,2
task,2
rpc-framework,2
ffmpeg-wrapper,2
mocking-framework,2
ipc,2
volley,2
docker-java,2
mapping,2
component,2
fast,2
orm-framework,2
flexible,2
constraint-satisfaction-problem,2
trading-api,2
offer,2
apache2,2
ebean,2
protostuff,2
fuzzer,2
discussion,2
sparkjava,2
tencent,2
glfw,2
encoder,2
worldedit,2
event-bus,2
converter,2
weixin-sdk,2
graphics,2
reddit,2
etl,2
eip,2
erp,2
javafx-library,2
jvm-languages,2
reactive-programming,2
rule,2
multi-threading,2
cloud-storage,2
animations,2
leetcode-solutions,2
kafka-streams,2
hibernate-jpa,2
polyglot,2
frontend,2
swagger2,2
continuous-integration,2
olap,2
trace,2
google-cloud,2
spring-data-jpa,2
traveling-salesman,2
microservice-framework,2
rtmp,2
consul,2
stocks,2
pdf-generation,2
ide,2
clang-plugin,1
worldguard,1
signal-cli,1
game-server,1
jwt-server,1
java-solution,1
transmittable-thread-local,1
speech-synthesis,1
data-frames,1
data-streaming,1
decision-making,1
streaming-video,1
stackexchange,1
java10,1
expectation,1
email-password,1
lmax-disruptor,1
cdi,1
web-application-framework,1
skill-tree,1
inteview,1
dialogfragment,1
games,1
superset,1
androidannotations,1
hazelcast,1
filepicker,1
search-algorithm,1
hentai-viwer,1
api-wrapper,1
hbase,1
rich-text-editor,1
linter,1
vue3,1
ee,1
reflection,1
jupyter-kernels,1
ppm,1
adminlte,1
jsonb,1
datamining,1
java-json,1
immutable-datastructures,1
lapack,1
swing-components,1
android-ftp,1
java-interpreter,1
comprehension,1
worldwind,1
statistics,1
disklrucache,1
universities,1
nukkit,1
matching-algorithm,1
batik,1
decoder,1
beanshell,1
postgis,1
rpg,1
logutils,1
promise-library,1
magic-the-gathering,1
nextcloud-notes,1
tooltip,1
levenshtein-distance,1
irc,1
photo-editing,1
nullability,1
android-parcelable,1
ethernetip,1
gcode-parser,1
objsql,1
quickfix,1
grbl-control,1
post-quantum,1
xodus,1
subnet,1
effects,1
springboot-learning,1
cxf,1
blogging,1
internal-resources,1
coldfusion,1
forums,1
queues,1
programming-languages,1
signalfx,1
ibm-cloud,1
builder-pattern,1
passwordless-login,1
sonarqube,1
mcbe-server,1
affintiy,1
rpm-packages,1
javacpp,1
npc,1
metabase,1
mediarecorder,1
tensorflow-android-demo,1
floating-action-button,1
cluster,1
icc,1
api-rest,1
random,1
lin,1
android-networking,1
snowplow,1
wasm,1
open,1
redis-sentinel,1
threadlocal,1
saml2,1
nullability-analysis,1
rules,1
3d-library,1
oop-principles,1
objectbox,1
interactive,1
deobfuscator,1
vision,1
flash,1
taint-analysis,1
data-mining-algorithms,1
dnssec,1
esp8266,1
disruptor,1
kafka-client,1
h2,1
profunctors,1
bar,1
error-reporting,1
blobs,1
webcam,1
3d-models,1
audio-plugin,1
stormcrawler,1
builder,1
cipher,1
common,1
aes-encryption,1
chinese-nlp,1
stream-api,1
rapid-application-development,1
achievements,1
warehouse-management,1
portfolio,1
hapi-fhir,1
mosby,1
opendime,1
sybase,1
passwordless,1
etsyblur,1
split,1
fork-join-pool,1
mondrian,1
ffmpeg-android-java,1
updater,1
concurrency-gotchas,1
cockroachdb,1
androidutils,1
raspberry,1
sym,1
protege-desktop,1
data-collection,1
nifi,1
ionic,1
conventions,1
fhir,1
huawei,1
actframework,1
exoplayer,1
java-applications,1
media-player,1
flow,1
ddd-architecture,1
milo,1
derivatives,1
forensics,1
android-debug,1
business-architecture,1
qq-login,1
tensordemo,1
musicbot,1
hft-trading,1
bi-server,1
weapp,1
google-bigtable,1
desktop-environment,1
event-series-analysis,1
butterknife,1
free,1
wechat-pay,1
jython,1
ui-widget,1
terrain,1
hawtio,1
javafx-desktop-apps,1
batch-insert,1
drivers,1
xenserver,1
neural-network,1
dbus,1
mistake,1
social-login,1
spigotmc,1
2d-framework,1
distance-measure,1
sql-query-formatter,1
persistance,1
sitewhere,1
oracle-spatial,1
telegram-bots-api,1
shared-memory-communication,1
tire,1
compactcalendarview,1
security-audit,1
csdn,1
nat,1
java-vm,1
opensearch-tokenizer,1
bip49,1
debian-packages,1
xxl,1
distributed-databases,1
godot,1
spatial-sql,1
jsweet,1
replay,1
slack-webhooks,1
recyclerview-videos,1
enterprise-grade,1
promise,1
assertion-framework,1
msa,1
socks5-proxy,1
scala-leetcode,1
data-infrastructure,1
native-development,1
inria,1
nlp-lang,1
owl,1
principles,1
webstart,1
reliability,1
flip-animating,1
ghost,1
cloud-custodian,1
reasoning,1
phoenix,1
springboot-mybatis,1
developers,1
argusapm,1
edge-computing,1
performance-penalty,1
conversation,1
jquery,1
solrcloud,1
kibana,1
graphs,1
wine,1
geojson,1
html-parser,1
mobile-development,1
joda-time,1
ha,1
set,1
semantic,1
java-web,1
sls,1
erupt-framework,1
spring-web,1
cracking-the-technical-interview,1
http-logs,1
money,1
filter,1
kairosdb,1
player,1
custom-animation,1
viaversion,1
multiplayer,1
producer,1
mvc-framework,1
functional-reactive-programming,1
backports,1
java-mail,1
dnssec-support,1
jsat,1
serialization-library,1
bot-framework,1
java-tooling,1
canal,1
openoffice,1
google-pubsub,1
raft-protocol,1
structure,1
layout,1
layer,1
cheet-sheet,1
manifold,1
sping,1
tla,1
photos,1
vulkan-api,1
webdriver,1
soot,1
red5pro,1
db-scheduler,1
ontology,1
enhancement,1
ireport,1
ribbon,1
kubernetes-jenkins-maven,1
odk,1
photography,1
visual-effects,1
convert,1
multiobjective-optimization,1
ueditor,1
captured-images,1
appliedenergistics,1
camera-calibration,1
telegram-bot,1
openlocationcode,1
fnlp,1
platform-java,1
accounting,1
local-search,1
jcseg,1
compile,1
srtp,1
vavr,1
native-image,1
javacpp-presets,1
dynamic-proxy,1
javabeans,1
etsy,1
android-service,1
native-windows,1
influxdb,1
ocr-java,1
liberty,1
aws-rds,1
nuclei,1
smoking,1
morph,1
discord-library,1
imageio,1
ontology-engineering,1
role-playing,1
encoder-decoder,1
image-magick,1
wiremock,1
bulkhead,1
fenwick,1
client-side,1
teams,1
rts,1
cryptography,1
lightweight,1
oreon-engine,1
ethereum,1
bim-server,1
dns-cache,1
deeplearning,1
swipe-gestures,1
cron-libraries,1
mcpe-server,1
scrobbler,1
mobius,1
glowstone-server,1
event-processing,1
saturn,1
pushnotificaitions,1
computational-geometry,1
threading,1
lowpoly,1
galleryfinal,1
facebook-ads,1
mmseg,1
clean-architecture,1
complex-business-architecture,1
risk-engine,1
discovery,1
i2p,1
cas-client,1
styleabletoast,1
images,1
openapi-spec,1
hotspot-jit-compiler,1
jbytedit,1
web-application,1
debug,1
tagged-unions,1
exchange-adapters,1
openstack,1
monitoring-tool,1
expand,1
indicator,1
netflix-hystrix,1
ofbiz,1
ssh-key,1
music-bot,1
kafka-tools,1
launch,1
javiewer,1
message,1
plugin-gradle,1
vrp,1
tsne,1
jfreechart,1
json-deserialization,1
gesture,1
preference,1
management,1
mappers,1
tricks,1
space-invaders,1
review,1
discord-bot-api,1
javascript-transpiler,1
consensus-protocol,1
compile-time-reflection,1
mult-media,1
amazon-echo,1
cwe,1
android-interview-practice,1
xmp,1
fibers,1
spring-security-jwt,1
bst,1
lambda-architecture,1
ehviewer,1
3d-engine,1
naked-objects,1
guacamole,1
cracking-code-interview,1
actor,1
web-crawler,1
dom4j,1
element,1
print,1
distribution,1
cep,1
traversable,1
label-text,1
proof-of-concept,1
bilibili,1
embedded,1
geometry-api-java,1
phone,1
pacman,1
cloud-security,1
unity,1
bottom-sheet,1
opennms,1
cta,1
markdown-conversion,1
sandbox-game,1
youtrack,1
structural-typing,1
winpcap,1
trading-strategies,1
cratedb,1
murmurhash3,1
reddit-client,1
xxe,1
2d-game-framework,1
timeout,1
isochrones,1
rss-reader,1
swagger-parser,1
serving-recommendation,1
openal,1
sqoop,1
quartz-scheduler,1
audio-processing,1
sending-packets,1
paper-trade,1
forum-software,1
ctf,1
macosm1,1
risk,1
opennlp,1
android-tv-box,1
java-gitlab-api,1
foursquare,1
bmp,1
applied-energistics,1
snapshot,1
transcation,1
caching,1
forge-mod,1
fsm-library,1
memcache,1
blade,1
iqiyi,1
primitive-specializations,1
documentation,1
call,1
gcode-sender,1
blockchain-demo,1
random-generation,1
r,1
cloudera,1
date-time,1
syntax-tree,1
elastic-job,1
zk,1
lombok,1
aho-corasick,1
smtp,1
java-edition,1
spark-sql,1
twitter-bootstrap-specification,1
opensearch-analyzer,1
dae,1
vue-element,1
minecraft-fabric-mod,1
tooltips,1
faster,1
talon,1
continous-compliance,1
optical-music-recognition,1
ganttproject,1
jms,1
hornetq,1
avatar,1
apache-storm,1
fernflower,1
identity-provider,1
sql-programming,1
dmarc,1
union-find,1
play,1
stock-trading,1
extension,1
cron4j,1
windows11,1
risk-control,1
jts-topology-suite,1
reference-manager,1
flume,1
cron-utils,1
mangaparser-parser,1
distributed-locks,1
ogc-wkt,1
ssrf,1
aws-security,1
iot-analytics,1
blocking-queue,1
dubbo-monitor,1
mcv,1
erlang,1
installer,1
imagecrop,1
ambari,1
owasp,1
jersey-framework,1
data-visualization,1
music-apps,1
pentest,1
skript,1
information-retrieval,1
mango,1
kundera,1
threads,1
refactoring,1
javafx-themes,1
wfs,1
mqtt-server,1
airmapview,1
creditcard,1
termux,1
quant,1
wechat-mini-program,1
similarity-measures,1
wiki,1
iot-database,1
h2-database,1
obo,1
mobile-app,1
gecco,1
cloud-bigquery,1
lintcode,1
cryptomator,1
stf,1
change-tracker,1
scroll,1
video-communication,1
pos-tagging,1
barcode,1
bip69,1
duck-typing,1
psd,1
login,1
aws-ses,1
supervisor,1
plug-ins,1
hms-pushkit,1
threadpool,1
system-design,1
enum,1
3d-vision,1
executable,1
java-to-kotiln,1
memory-mapped-file,1
jib,1
inspection,1
archlinux,1
developer-tools,1
electronic-voting,1
gitskarios,1
benchmarks,1
pagetransformer,1
junit-rule,1
bashsupport,1
okhttp,1
mdx,1
tabletop,1
news-reader,1
rdf,1
entity-store,1
layout-engine,1
fuzzy-search,1
vector-search,1
user-agent,1
jython-support,1
designer,1
krakatau,1
multicast-streams,1
yaml-format,1
multiverse,1
debugger,1
java-programs,1
word,1
android-interviews,1
safari,1
rx,1
lanproxy,1
dalvik,1
fuzzing,1
javascript-object-notation,1
https,1
javalite,1
bibtex,1
reflection-framework,1
fabricmc-mod,1
refactoring-tools,1
bim,1
openpgp,1
bedrock-to-java,1
keyboard-listeners,1
scada,1
ffmpeg-android,1
product-activiti,1
distributed-rpc,1
ratpack,1
blockchain-java,1
micrometer,1
chaos-monkey,1
segmentfault,1
cpu,1
mediaplayer,1
openshift-client,1
iec62541,1
openbim,1
learning-exercise,1
html-to-markdown,1
javassist,1
behavior-trees,1
delaunay,1
image-cropper,1
geometric-algorithms,1
weblaf,1
persistent-data-structure,1
satellite,1
urcop,1
ultimaterecyclerview,1
mvc-frameworks,1
paynyms,1
kumo,1
trino-plugin,1
war,1
ipfs,1
cloud-compliance-reporting,1
orchestration-framework,1
spotify-manager,1
ctp,1
benchmark,1
jaspic,1
math,1
restful-objects,1
chaostoolkit,1
elide,1
unifiednlp,1
issue-board,1
wpf,1
asic,1
jjwt,1
pageflip,1
priority-queue,1
android-tensorflow,1
port-scanning,1
program-analysis,1
netflix-oss,1
nuclei-templates,1
aws-sdk-android,1
bip39,1
graalvm-native-image,1
dkim,1
telegram,1
android-animation,1
server-push,1
schemacrawler,1
azure-redis-cache,1
thread-safety,1
application-server,1
algotrading,1
index,1
mall,1
configuration,1
google-cloud-messaging,1
sonos,1
nlp-library,1
debian,1
exhaustiveness-checking,1
alexa,1
android-samples,1
cdap,1
wake-on-lan,1
undirected-graphs,1
traccar,1
cartoon,1
quarkus,1
reports,1
content-management-system,1
quantitative-finance,1
logbook,1
bisq,1
redtorch,1
teachers,1
streaming-sql,1
log4j,1
download,1
rostering,1
bind,1
classyshark,1
30,1
comics,1
flexy-pool,1
espertech,1
worker-threads,1
itext,1
schema,1
update,1
persistent-collections,1
enterprise-architecture,1
widget-libraries,1
junit-jupiter,1
cheatsheet,1
storm,1
camunda-engine,1
payara-micro,1
arcore,1
event-sourcing,1
gallery,1
up-for-grabs,1
android-interview-questions,1
spring-projections,1
h264,1
javaparser,1
java8-times,1
spatial-query,1
equals,1
watson-services,1
apollo,1
sql-formatter,1
ftps,1
twitch-client,1
autoload-cache,1
warc,1
guidelines,1
reliable-udp,1
impala,1
webapp,1
trouble-shooting,1
autobahn,1
highcharts,1
apache-kafka,1
csp,1
expect,1
malware-research,1
survival,1
ultimateandroid,1
data-engineering,1
error-handling,1
beanshell-scripting-language,1
mvp-architecture,1
activejdbc,1
consumer,1
finite-state-machine,1
unitofwork,1
swagger-api,1
karl-dujinyang,1
cityhash,1
jsoniq,1
recompiler,1
jmeter,1
wechat-login,1
twitch-tv,1
dmg,1
pict,1
lts,1
multi-core,1
icc-profiles,1
amqp10,1
wps,1
cauldron,1
lucene-tokenizer,1
decentralized,1
permission,1
mqtt-broker,1
scribe,1
integration-testing,1
vaadin-framework,1
session,1
e-voting,1
minestom,1
java-html-parser,1
passportjs,1
sqli,1
consumer-driven-contracts,1
extraction,1
kafka-producer,1
redux,1
nfe,1
caching-scrobbles,1
of,1
bash-completion,1
distributed-messaging,1
helm,1
osu,1
ant,1
dark-theme,1
radar,1
recognition,1
notebook,1
sip,1
bim-bots,1
deployment-automation,1
memory-allocation,1
glsl-shaders,1
classification,1
fpga,1
apache-camel,1
waiting,1
restore,1
image-cache,1
jnativehook,1
ecommerce,1
nlp-keywords-extraction,1
sofa-jraft,1
hasor,1
date,1
bukkit-plugin,1
buck,1
dspace,1
email-password-login,1
cuba-platform,1
clickhouse,1
merge,1
try-monad,1
eps,1
graphql-server,1
demo-spring-boot,1
chrome,1
pong,1
parallelism,1
packet,1
merger,1
u2f-server,1
lucene-analyzer,1
protocol-buffers,1
pengjianbo,1
source,1
vuex,1
icon-states,1
user-agent-parser,1
rate-limiting,1
keras-tensorflow,1
appengine,1
elt,1
sass,1
pades,1
lwm2m-client,1
slimefun,1
haxe,1
pde,1
xxl-crawler,1
everest,1
obd,1
market-risk,1
android-dependency-injection,1
code-interview,1
sponge-plugin,1
knowledgebase,1
random-data-generation,1
rate-limiter,1
iptc,1
ssd,1
memcached,1
data-orchestration,1
wordcloud,1
scale-invariance,1
thinking-in-spring-boot,1
kalle,1
openmeetings,1
mybatis3,1
deadlock,1
bip125,1
extentreports,1
custom-drawer,1
opencv-java,1
bitcoin-wallet,1
firewall,1
material-menu,1
bip173,1
spring-boot-examples,1
hprose,1
alerting,1
instagram-java-scraper,1
tips,1
scoold,1
firestore,1
pocket-edition,1
iot-middleware,1
native-apps,1
scwp,1
jabref,1
slack-bot,1
datamatrix,1
plantuml,1
fudannlp,1
realtime-database,1
manifold-systems,1
ordermanagement,1
jakartaee,1
arcgis-runtime-sdk,1
rxandroid,1
firebase-auth,1
comics-reader,1
landscape,1
camunda-bpm-platform,1
netbeans,1
command-line,1
plsql,1
hibernate-types,1
markdown-flavors,1
raspberry-pi,1
word-cloud,1
recycler,1
ubuntu,1
iot-platform,1
console,1
autograd,1
utility-library,1
magic,1
lwm2m-protocol,1
jee,1
ssh2,1
webgl,1
logging-library,1
immutables,1
as3,1
icalendar,1
jogl,1
fcm,1
bindings,1
job,1
adminlte3,1
okttp3,1
gpe,1
data-access,1
restheart-java,1
yfiles,1
monad-transformers,1
rotation,1
roaring-bitmaps,1
qbit,1
javafx-maven-plugin,1
central,1
business,1
hot-module-replacement,1
query-engine,1
slicing,1
templating,1
nginx-clojure,1
lucee-server,1
mindustry,1
cardboard,1
geometry-wars,1
jsonp,1
clone,1
javacv,1
modded,1
restful-api,1
knowledge-management,1
distance-functions,1
bip44,1
travis-ci,1
stock-market,1
matrix,1
ast-matcher,1
vipshop,1
log-analyser,1
mp,1
javafx-components,1
wamp,1
docbook,1
openshift,1
ea-async,1
documents,1
album,1
zookeeper-gui,1
shapefile,1
bacnet,1
oai,1
reflect,1
gcm,1
reverse,1
neo4j,1
change-management,1
type-providers,1
youtube,1
2d-game-engine,1
solr,1
mapbox-android-demo,1
sast,1
grid-recyclerview,1
cron-definitions,1
cards-against-humanity,1
hacker-news,1
file-upload,1
truth,1
employee-rostering,1
keras,1
ab,1
tlv,1
fedora,1
investment-portfolio,1
zxing-qrcode,1
vue-cli,1
sakai-cle,1
performance-metrics,1
kestra,1
proot,1
jna,1
spring-tutorial,1
sentry,1
resizable,1
expression-language,1
xa,1
java-faker,1
android-layout,1
pyspark,1
aws-mobile,1
android-viewmodel,1
php-language,1
subsetting,1
openpdf,1
javacore,1
workshops,1
feign,1
online-course,1
gadget,1
lmdb,1
his,1
recommendation-engine,1
scala-utils,1
jellyfin,1
infrastructure,1
deep-neural-networks,1
bookkeeper,1
rest-client,1
command-line-parser,1
payment,1
animate,1
messenger-bot,1
icons,1
remote-debug,1
echart,1
android-comic-reader,1
stale-flags,1
typescript-definitions,1
docker-jib,1
hash-table,1
geckodriver,1
capacitor,1
anomalydetection,1
dashboards,1
andriod,1
servlet-container,1
jdbc-drivers,1
maybe-monad,1
anonymity,1
pocket,1
ads,1
mysql-server,1
baksmali,1
awt,1
hl7,1
shadow,1
personal-website,1
roaringbitmap,1
antd,1
sql-query-builder,1
amazon-web-services,1
hsweb,1
cloud-messaging,1
character,1
data-wrangling,1
elasticsearch-analyzer,1
eclipse-openj9,1
subcommands,1
slack,1
java-orm,1
spring-webflow,1
linux-executables,1
hivemq,1
h5,1
tool,1
graphviz,1
in-action,1
dx-sdk,1
gitlab-api,1
gpu-acceleration,1
autohotkey,1
pointer-analysis,1
djl,1
android-malware,1
s3,1
j2e,1
slf4j,1
shortest-paths,1
mapstruct,1
anomaly-detection-models,1
forex-trading,1
cnc,1
spel,1
pipelines-as-code,1
utilities,1
prestosql,1
stock-exchange,1
geometry-algorithms,1
laziness,1
programming-interviews,1
lighting,1
k8s,1
kubernetes-model,1
dns-proxy,1
bim-applications,1
apache-flink,1
chinese-rule,1
cuda,1
httpp,1
filelog,1
micro-qrcode,1
mvi,1
testkit,1
pcx,1
binding,1
miniapp,1
json-format,1
bootstrap-brands,1
investment,1
help-wanted,1
coordination,1
junit5,1
rxjava-android,1
iec-62541,1
block-download,1
performance-dashboard,1
wikidata,1
twitter-api,1
esper,1
apns,1
mdfe,1
bukkit-api,1
unified,1
cron-expression,1
youdao,1
dagger2,1
alibaba-oss,1
earth,1
gpus,1
wavefront,1
acl,1
udt,1
digital-transformation,1
springdoc-openapi,1
state-machine,1
watson-apis,1
maps-card,1
fullstack-developer,1
language-server-protocol,1
java18,1
kotlin-language,1
drawer,1
track2,1
f-droid,1
learning-rxjava,1
spike,1
jacoco,1
farmhash,1
hana,1
amqps,1
todo,1
deobfuscation,1
webassembly,1
ansj,1
rpc-server,1
hierarchical-states,1
jwt-claims,1
distributed-limiting,1
swarm-mode,1
eclipse-collections,1
airsonic,1
alfio,1
memory,1
hacktoberfest2021,1
spring-boot-admin,1
computing-diffs,1
await,1
appium-server,1
screen-keyboard,1
public-transportation,1
arcgis-android-sdk,1
self-certifying-web-protocol,1
encryptable-properties,1
bugtracker,1
lxde,1
javaee7,1
chinese-text-segmentation,1
keyboard-shortcuts,1
coproduct,1
wait-free,1
http-ftp,1
tachnical-analysis,1
code-transformation,1
wheelview,1
jhipster,1
fleet-management,1
combine,1
about-me,1
appium,1
programming-language,1
checkstyle,1
branch-and-bound,1
restful-webservices,1
graphql-api,1
jqgrid,1
android-sftp,1
keywords-extraction,1
mmap,1
regular-expressions,1
quicktime,1
ticket,1
turms,1
openmrs-community,1
parallel-algorithm,1
audiovisualizer,1
swagger-documentation,1
concurrency-issue,1
leakcanary,1
jbytemod,1
activiti,1
modpack,1
iam,1
springboot-demo,1
firebird,1
scp,1
frp,1
equivalent-exchange,1
mocking-kubernetes,1
push,1
indexing,1
gitlab4j-api,1
chaos-testing,1
drupal,1
curd,1
freemarker,1
facebook-messenger,1
log-management,1
qrcode-generator,1
web-development,1
scribe-java,1
ndk,1
ngrok,1
background-jobs,1
coroutines,1
solr-plugin,1
anti-emulation,1
jdbi,1
forge-bukkit,1
grpc-service,1
auth0,1
tms,1
zab,1
forex,1
ta4j,1
trading-algorithms,1
social-media,1
mate-desktop-environment,1
latex,1
m3u8,1
webhook,1
spring-cloud-netflix,1
spring-boot-thymeleaf,1
ssh-server,1
semantics,1
cookie,1
discord4j,1
socket,1
draw,1
mahout,1
routing-engine,1
extent,1
teammates,1
floatingactionbutton,1
mcpe,1
wanandroid,1
tesseract-ocr,1
helios,1
natural-language-processing,1
bomberman,1
troubleshooting,1
oracle-atg-alternative,1
container,1
wxjava,1
mqtt-client,1
bedrock-engine,1
binnavi,1
openid-connect,1
java19,1
fm-scrobbler,1
data-mining,1
libreoffice,1
intent,1
mockito,1
fsharp,1
vpn,1
automation-framework,1
jetpack,1
media-converter,1
server-side,1
feign-client,1
hadoop-mapreduce,1
random-number-generators,1
xcp-ng,1
interface,1
domain-name,1
quickfixj,1
stackoverflow-questions,1
fpt,1
coding-interview,1
github-api-v3,1
rss,1
longitude,1
data-replication,1
swagger-plugin,1
business-framework,1
download-accelerator,1
argument-parsing,1
rbf,1
visitor-pattern,1
options-parsing,1
apex,1
opensuse,1
steering-behaviors,1
graaljs,1
test,1
icns,1
web-platform,1
neural-nets,1
data-extraction,1
obfuscator,1
switch,1
fcgi,1
excel,1
learn-to-code,1
grey,1
spring-cloud-kubernetes,1
springcloud-alibaba,1
tor,1
complex-event-processing,1
karaf,1
apache2-license,1
xxhash,1
medical-records,1
qr-generator,1
test-driven-development,1
router,1
auto-update,1
geoserver,1
lz4-compressors,1
heroku,1
jvm-bytecode,1
xabber,1
jedis,1
platform-independent,1
jni-bindings,1
spock-framework,1
issue-tracker,1
springfox,1
sentiment,1
gray,1
jades,1
binary-search-tree,1
request-response,1
icon-signifier,1
glassfish,1
udf,1
apollo-client,1
tree,1
ninja,1
resilience-testing,1
mathml,1
hotkey,1
wenku8,1
jodd,1
loader,1
bitset,1
java-swing,1
merge-text,1
showcase,1
materialviewpager,1
jwt-middleware,1
tree-structure,1
javacord,1
pdf-merge,1
canvas,1
cropper,1
activity-lifecycle,1
keylogger,1
supply-chain,1
subsetter,1
qrcode-plugin,1
jimple,1
cas-server,1
touch,1
ng-zorro,1
segment-tree,1
tabu-search,1
realiser,1
mergesort,1
multi-thread-download,1
java5,1
stubbing,1
2014-now,1
processor,1
countries,1
sheep0704,1
tic-tac-toe,1
informix,1
geysermc,1
phantomjs,1
mapbox-android-sdk,1
bottom-navigation,1
pcap-library,1
xmpp-client-library,1
java-rule-engine,1
leetcode-questions,1
prestodb,1
access-control,1
contract,1
netflix-zuul,1
java-module,1
sql-builder,1
mcbe,1
lms,1
datax,1
manufacturing,1
jwt-bearer-tokens,1
amazon-alexa-skill,1
mspaint,1
geotools,1
tweets,1
android-video,1
onnxruntime,1
giraph,1
material-ui-swing,1
bytecode-viewer,1
derive4j,1
signature,1
asciidoc,1
jwt-tokens,1
auto,1
java-rule,1
shade,1
amr,1
shop,1
python-levenshtein,1
elements-of-programming-interviews,1
historian,1
paper-api,1
maps-sdk,1
pageturnning,1
geneve,1
bytecode-engineering,1
expression-evaluator,1
anaglyph,1
journalism,1
stream-library,1
joinery,1
novoda,1
sockets,1
database-deployment,1
fluentlenium,1
cloudstack,1
model-checking,1
text-to-speech,1
onpremises,1
docker-image,1
pkg,1
kafka-mirror-maker,1
faker-gem,1
ticketing,1
distance,1
scribejava-httpclient,1
zeppelin,1
java-data-structure,1
mybatis-generator,1
standalone,1
jdbc-utilities,1
svm,1
form,1
tomee,1
translator,1
android-device,1
android-developer,1
awaitility,1
shadowsocks-android,1
signin,1
arch-linux,1
dataflow-analysis,1
xfce,1
subsonic,1
qrcode-scanner,1
ifc,1
hash-functions,1
imap-server,1
android-material,1
data-integrity,1
formation-motion,1
switzerland,1
alibaba-middleware,1
dfs,1
kudu,1
android-developers,1
voxel,1
grafana,1
sku,1
traveling-salesman-problem,1
android-backup,1
codec,1
detection,1
mock,1
rtsp-server,1
gnucash,1
game-framework,1
avro,1
fuzzy-matching,1
poc,1
crop-image,1
portfolio-performance,1
p6spy,1
mha,1
object-functional,1
storage-sdk,1
xquery,1
smime,1
s7,1
casbin,1
designpatterns,1
virtual,1
xmpp-server,1
xref,1
keyboard,1
markdown-parser,1
passwordless-authentication,1
findbugs,1
retrofit,1
coverage,1
slash-commands,1
tga,1
hamcrest,1
statement,1
serverless,1
about,1
remote-actors,1
authz,1
trait,1
recsys,1
iaas,1
simulated-annealing,1
procyon,1
vespa,1
jgrapht,1
android-animated-icons,1
performance-monitoring,1
libpcap,1
spoon,1
game-engine-3d,1
unix-socket,1
ogc,1
bungee,1
blocker,1
binarytree,1
apache-shiro,1
kafka-utils,1
kindeditor,1
wms,1
java-multithreading,1
kyro,1
jit-compiler,1
global-events,1
mybatis-pagehelper,1
android-preference,1
reading-program,1
cloudnative,1
libp2p,1
artisanal,1
malware-analyzer,1
hentai-downloader,1
deobfuscate,1
ehr,1
captcha,1
bpmn2,1
wrapper,1
docker-registry,1
sdk-java,1
roncoo,1
threadpoolexecutor,1
instagram-client,1
renderer,1
outlook,1
performance-management,1
versioning,1
autoplay-videos,1
kotlin-leetcode,1
java-leetcode,1
swipeback,1
mathematics,1
balanced-tree,1
session-management,1
sql-injection,1
diagnosis,1
metrics-library,1
fluid,1
analytics-platform,1
supertokens,1
jaro-winkler,1
bootique,1
material-ripple,1
junit-vintage,1
abac,1
data-algorithms,1
databases,1
tensorflow-demo,1
openhft,1
automatic-backups,1
runtime,1
visitor,1
cuba,1
iff,1
html-images,1
geocoder,1
dbms,1
packaging,1
rtmp-client,1
jsf,1
flexmark,1
download-videos,1
line,1
emr,1
nasa,1
alibaba-cloud-sdk,1
jphp,1
developement,1
dns-cache-manipulator,1
unionfind,1
datajournalism,1
ninjaframework,1
cfml,1
summit,1
java-optimization-framework,1
compressor,1
alibabacloud,1
dlna-upnp,1
datawrangling,1
library-free,1
ping,1
virtual-tabletop,1
oci,1
reverse-geocoding,1
imgur,1
opencensus,1
amqp,1
base,1
download-manager,1
code-editor,1
loom,1
reverse-engineer-apk,1
android-rat,1
minecraft-server-proxy,1
libre,1
rotate,1
java-development,1
task-scheduler,1
robovm,1
mock-library,1
hosts,1
tunnel,1
look-and-feel,1
mgr,1
class,1
api-manager,1
android-client,1
curator,1
jakarta-ee,1
tinyg,1
specifications,1
uploader,1
anvil,1
stonewall,1
texture,1
vtt,1
native-events,1
raft-java,1
mvp,1
jdbc-driver,1
drill,1
dynamic-layout,1
oryx,1
careercup,1
pdf-mix,1
biblatex,1
uber,1
jbot,1
webservice,1
gcode,1
automl,1
messenger-platform,1
xml-xslt,1
kotlin-testing,1
document,1
functional,1
dubbo-2-6-1,1
visualvm,1
research-tool,1
cpfp,1
optimiser,1
ldap-authentication,1
mobile-data-collection,1
snapshot-isolation,1
java-application,1
developer,1
datalake,1
cp,1
jakarta-mail,1
smoothieware,1
messenger-bot-boilerplate,1
esignature,1
sakai,1
peer-evaluations,1
reconciliation,1
multiple-languages,1
cicd,1
flappy-bird,1
financial,1
kenburnsview,1
testing-library,1
sso-authentication,1
core,1
parsing,1
web-mapping,1
data-management,1
sync,1
data-pipeline,1
douyu,1
about-app,1
repository,1
android-libs,1
collection,1
seldon,1
d4j,1
conversion,1
oss,1
skia,1
dubbox,1
dynamically,1
bi,1
api-framework,1
parrotsec,1
dict,1
mouse,1
natural-language,1
lxqt,1
geyser,1
hierarchy,1
lock,1
springboot-sample,1
bimserver,1
macros,1
static,1
collada,1
joda-money,1
navigationview,1
kubernetes-client,1
bluemix,1
diffing,1
feedback-systems,1
sftp-client,1
textinputlayout,1
autoplayvideos,1
apache-hive,1
service-mesh,1
script,1
prediction,1
udemy,1
glyph-icons,1
image-resizer,1
rpc-client,1
packager,1
transactional,1
genetic-programming,1
lwm2m,1
spring-test,1
similarity,1
cordova-plugin,1
3d-reconstruction,1
multidex,1
rfid,1
doctrine,1
word2vec-java,1
alexa-skills-kit,1
dataframe-library,1
javasymbolsolver,1
jasperreport,1
reducers,1
envers,1
eolang,1
linked-list,1
elixir,1
ci-cd,1
aws-cloudformation,1
datav,1
android-bootstrap,1
runnable-jar,1
jdbc-logging,1
minecraft-forge-mod,1
geeksforgeeks,1
chinese-word-segmentation,1
automata,1
spring-support,1
asynchronous-refresh-cache,1
jupyter,1
concurrency-problem,1
conferences,1
linkedlist,1
segmenttree,1
ad-blocker,1
apps,1
jav,1
fiql,1
requestbin,1
risk-rule,1
dataql,1
php7,1
java-flink,1
omics,1
buildingsmart,1
geometry-library,1
stripe,1
j2cl,1
bugly,1
jtransc,1
database-schemas,1
validation-library,1
hlist,1
backdoor,1
gpu,1
ditaa,1
database-connection,1
kubernetes-java,1
mario,1
zuul,1
aws-java-sdk,1
web-based,1
payara,1
shared-nothing,1
bigscreen,1
swift-syntax,1
apache-spark,1
json-serializer,1
restlet,1
cades,1
halo-platform,1
jsonwebtoken,1
dto,1
dddplus,1
sonarlint,1
leaderboard,1
catamorphisms,1
nlg,1
example,1
rest-fuzzer,1
e-r-diagrams,1
secure,1
siemens,1
sim-scores,1
net,1
ideas,1
gantt-chart,1
suffixtree,1
radio,1
vkontakte,1
http2-push,1
job-scheduler,1
comic,1
competitive-programming,1
opengamma,1
webrtc,1
json-api,1
live-stream,1
bottomsheetbehavior,1
clean-code,1
onesignal,1
iot-framework,1
xforms,1
etd,1
restheart,1
lwm2m-server,1
fixprotocol,1
flv,1
e-commerce,1
leader-election,1
desktop-app,1
pbm,1
gps-tracking,1
gitlab,1
histogram,1
pitfalls,1
pe,1
umeng,1
jboss,1
nifi-processors,1
launcher3,1
springsecurity,1
stats,1
smali,1
live-streaming,1
gcode-editor,1
android-lifecycle,1
proteus,1
ansi,1
reservation,1
stackoverflow,1
thumbnails,1
pegdown,1
hacking-code,1
latitude,1
suffixarray,1
guice,1
rmi,1
cli-support,1
information-security,1
timeseries-database,1
pretty-printer,1
greendao,1
component-library,1
openzipkin,1
joinclustering,1
mxnet,1
openfire,1
amazon-alexa,1
pdf-extractor,1
rtc-sdk,1
axios,1
grpc-framework,1
android-framework,1
micro-service,1
slice,1
nutz,1
modularity,1
buildcraft,1
json-schema,1
encrypted,1
hentai,1
rxgalleryfinal,1
rpc-service,1
html-generator,1
blurkit-android,1
netflix-eureka,1
libjitsi,1
rust-leetcode,1
dataset,1
otr,1
astar-algorithm,1
lambda-expressions,1
geocoding,1
immutable-objects,1
star,1
maptool,1
tconsole,1
adblock,1
bdd-style-testing-framework,1
ansi-colors,1
data-orchestrator,1
array,1
opengrok,1
dubbo-admin,1
duosecurity,1
bip84,1
vle,1
crash-reports,1
jts,1
end-user-monitoring,1
vditor,1
beam,1
graph-analytics,1
chaos-engineering,1
flink-boot,1
tooltip-library,1
cucumber-jvm,1
non-blocking,1
impact,1
bifunctors,1
inline,1
structure-from-motion,1
websocket-support,1
java-discord-api,1
g2core,1
activemq-artemis,1
global-hotkeys,1
koloboke,1
distributed-transaction,1
cmmn,1
android-lib,1
gif-animation,1
cheat-sheets,1
vue-element-admin,1
andorid,1
connectbot,1
programmers,1
raft-algorithm,1
kafkahq,1
aria,1
twitter4j,1
mica,1
custom-types,1
leetcoder,1
dxp,1
tea,1
jersey2,1
android-maps,1
slackbot,1
micro-qr-code,1
android-testing,1
command-line-tool,1
jwebassembly,1
add-ons,1
computer-science,1
kali-linux,1
metasfresh,1
ik-analyzer,1
markdown-to-pdf,1
spyware,1
business-rules,1
strategy-api,1
levelzero,1
cdn,1
actions,1
astar-pathfinding,1
java-diff-utils,1
datacleaning,1
aws-cognito,1
dockerfiles,1
social-impact,1
static-site-generator,1
bootstrap-server,1
lucee,1
outlier-detection,1
android-ffmpeg,1
github-api,1
cluster-analysis,1
red5,1
machine-learning-library,1
mewx,1
global-development,1
history,1
deb,1
sandbox,1
fold,1
rce,1
java9,1
mediarecorder-api,1
jooq,1
onesignal-notifications,1
typed-assertions,1
accessibility,1
semigroup,1
lz4-java,1
ant-task,1
ipld,1
enterprise-applications,1
androidx,1
msi,1
button,1
jcache,1
stomp,1
mermaid,1
birt,1
data-persistence,1
light-novel,1
damerau-levenshtein,1
dynamic-programming,1
node-android,1
spongeforge,1
cross-language,1
language-team,1
processing,1
selenium-webdriver,1
cosine-similarity,1
discriminated-unions,1
selector,1
aot,1
music-visualizer,1
bastion-host,1
p2p-http,1
bibliography,1
vod,1
laravel,1
ijava,1
windows-10,1
kotlin-java,1
archiver,1
virtual-reality,1
joml,1
arduino,1
npcap,1
web4,1
mega,1
disjoint-set,1
vm,1
schema-less,1
easticsearch,1
jsqlparser,1
java-interview-questions,1
interpreter-commands,1
shopizer,1
codename-one,1
app-framework,1
split-apk,1
glowstone,1
low-code,1
jwtauth,1
mediacodec,1
playlist,1
either,1
iciba,1
retry,1
escape-analysis,1
geneva,1
doublearraytrie,1
ormlite,1
genetic-algorithm,1
python3,1
garbage-collector,1
configurable,1
stl,1
sum-types,1
spirv,1
litecoin,1
aviator,1
fastjson2,1
spring-lemon,1
xmemcached,1
algorithms-datastructures,1
eclipse-android,1
hosting,1
students,1
bip47,1
module,1
apache-beam,1
rat,1
requestqueue,1
profile,1
trending-repositories,1
crm,1
trading-platform,1
hacking-tool,1
machine-learning-algorithms,1
gpslogger,1
loadingview,1
kafka-ui,1
javaslang,1
emv,1
zend-php,1
knx,1
plugin-extension,1
capture-packets,1
rpm,1
lua,1
moquette,1
gmail-inbox,1
mybatis-plus,1
mtg,1
lwjgl3,1
mathematical-optimization,1
distributed-consensus-algorithms,1
rude-java,1
chronicle,1
jme3,1
headless-cms,1
currency,1
openwire,1
sender,1
streams,1
zhihu,1
javapackager,1
wcs,1
spark-streaming,1
good-first-issue,1
jitwatch,1
jitsi,1
icq,1
ksql,1
shingles,1
strata,1
decompile,1
anysoftkeyboard,1
distributed-algorithms,1
alarm,1
days,1
academic-publications,1
business-process,1
enterprise-search,1
bitmap,1
quickcheck,1
card-game,1
cglib,1
temporal-data,1
h2o,1
cloud-auditing,1
tuples,1
verification,1
upc,1
splitter,1
server-proxy,1
dropwizard-metrics,1
scene2d,1
photogrammetry,1
pdf-rotate,1
crash,1
dotcms,1
mocks,1
memory-management,1
completion,1
spring-retry,1
bazel,1
quill,1
options,1
movement,1
protege,1
serving,1
designpattern,1
markdown-processor,1
java-platform,1
stereoscopic,1
performance-tuning,1
outliers,1
code-management,1
pdf-split,1
bungeecord,1
copr,1
untappd,1
sql-query,1
java-template-engine,1
ripme,1
end-to-end,1
release,1
activitiy,1
operation,1
remote-control,1
springboo,1
skin,1
eqwaves,1
firefox,1
heritrix,1
links,1
media,1
spring-webclient,1
blueking,1
listenbrainz,1
cli-framework,1
crontab,1
promoted-downloads,1
scraper,1
material-drawer,1
catserver,1
byte-buddy,1
ssm-maven,1
matching-engine,1
devtool,1
modbus,1
forgegradle,1
risk-analysis,1
shadowsocks-java,1
offheap,1
apk-parser,1
voice,1
security-automation,1
uwp,1
parallel-streams,1
cloud-datastore,1
arcgisruntime,1
visual-testing,1
css-selectors,1
testability,1
webcrawling,1
shadowsocks,1
fabric8,1
recommender-system,1
async-await,1
netbeans-platform,1
dbcp,1
accumulator,1
event,1
industrial-iot,1
spring-hateoas,1
fastreport,1
exhentai,1
scribejava,1
string-manipulation,1
paypal,1
hft,1
tornadovm,1
multimedia,1
redgate,1
javadeser,1
rsql,1
ms-paint,1
snowplowanalytics,1
reader,1
3d-game-engine,1
bean-validation,1
validator,1
openidconnect,1
state-management,1
customview,1
blurring-libraries,1
trending-topics,1
lenses,1
polling,1
media-center,1
image-viewer,1
xacml,1
doocs,1
deadcode,1
pgm,1
parse,1
xkcoding,1
cocos,1
webgl-game,1
sample,1
d,1
maven-surefire,1
tacos,1
natural-language-generation,1
multiplatform,1
world-manager,1
sso-login,1
monitor-performance,1
inspectit,1
jwt-auth,1
opensouce,1
cors,1
finalteam,1
amazon-kinesis,1
android-market,1
architectural,1
vr,1
push-api,1
didi,1
spyware-generator,1
java-discord-bot,1
trading-bot,1
global-health,1
bootstrap,1
jnlp,1
chromedriver,1
computer-opponents,1
apiman,1
android-sample-application,1
simplenlg,1
e-hentai,1
test-data-generator,1
filemanager,1
btrace,1
python-leetcode,1
camera-preview,1
opendata,1
fsm,1
java-aware-languages,1
mathjax,1
template,1
decompression,1
resiliency-patterns,1
jaxrs,1
json-logging,1
jailbreak,1
technical-analysis,1
data-binding,1
rtsp,1
xxl-sso,1
systemds,1
restful-framework,1
addax,1
cqrs,1
sentiel,1
chaos,1
kcp,1
ssl,1
cve,1
process,1
transmittable,1
breakout,1
markdown-to-html,1
edittext,1
directions,1
algorithms-and-data-structures,1
policy-as-code,1
payara-server,1
centos,1
nosql-database,1
websecurity,1
vue-admin,1
snowflake,1
anti-fraud,1
bistoury,1
openmrs,1
nifi-processor,1
open-telemetry,1
unified-diffs,1
roleplaying-games,1
jbake,1
java-decompiler,1
fuzzywuzzy,1
open-access,1
lz4-compression,1
byte-code,1
image-manipulation,1
sogou,1
analysis-framework,1
academia,1
preprocessor,1
rapidoid,1
functor,1
azure-resources,1
questions-and-answers,1
filelogger,1
slides-featuring,1
roleplaying,1
js-java-interoperability,1
cv,1
enterprise,1
hashmap,1
profiling,1
mods,1
sms-backup,1
mouse-listeners,1
string,1
aosp,1
java-imageio,1
order-book,1
runner,1
upms,1
builder-api,1
oop-library,1
dml,1
vault,1
rippleview,1
android-cleanarchitecture,1
stackdriver,1
json-path,1
skills,1
markdown-html,1
spring-modules,1
sofa-bolt,1
ibm-watson-services,1
components,1
pytorch,1
dropbox,1
password,1
street-address,1
send,1
jwt-token,1
exif,1
malware-analysis,1
jre,1
service-registry,1
fluent-interface,1
mobile-game,1
java-jwt,1
struts,1
level-zero-gpu-runtime,1
barcode-scanner,1
database-diagrams,1
volleyplus,1
tls,1
mms,1
oozie,1
design-pattern,1
json-serialization,1
soap,1
api-documentation,1
async-context,1
evolutionary-strategy,1
jfoenix,1
qr,1
declarative,1
remote,1
miniprogram,1
aurora,1
copycat,1
javacc,1
reservoir,1
bottomsheetdialog,1
regression,1
data-frame,1
androrat,1
spigot-api,1
directed-graphs,1
full-text-search,1
surface-realiser,1
art,1
knowledge-base,1
video-converter,1
cfr,1
fragments,1
hotswap,1
redash,1
capture-video,1
spring-boot-project,1
adm,1
deck,1
trie,1
coding,1
m2m,1
c10m,1
io-monad,1
gpu-computing,1
dex2jar,1
macro,1
roleplaying-game,1
aviatorscript,1
pluscode,1
vertical-stepper-forms,1
diablo,1
twitter-heart-animation,1
notification-service,1
soundcloud,1
data-structrues,1
android-app-bundle,1
asynctask,1
javamail,1
vulkan-game-engine,1
xml-layout,1
sefaz,1
geometry,1
photon,1
twig,1
no-reflection,1
aws-sqs,1
forumsoftware,1
monotone,1
sofastack,1
morphia,1
quality,1
scm,1
hikaricp,1
otc,1
parallax,1
seed,1
change-data-capture,1
wora,1
facebook-bot,1
idea,1
dnsjava,1
jmonkeyengine,1
extension-methods,1
educators,1
junit-platform,1
blog-article,1
eventbus,1
bottomsheet,1
globe,1
reverse-shell,1
trycan,1
performance-testing,1
commons,1
psi-probe,1
open-telemetry-java,1
play-core,1
forms,1
erupt,1
ps3-media-server,1
azure-sdk,1
constraint-optimisation-problem,1
h2oai,1
code-project,1
datacleansing,1
graph-theory,1
visual-automation,1
grbl,1
sharding-jdbc,1
flyway,1
context,1
cluster-computing,1
docx,1
xstream,1
c1000k,1
imagery,1
jcseg-analyzer,1
java-shell,1
cryptocurrency-exchanges,1
circuitbreaker,1
firmata,1
boilerplate,1
dynamicprogramming,1
rxbus,1
stereo-vision,1
playlists,1
jmonkeyengine3,1
pdf-manipulation,1
cte,1
comic-downloader,1
backpressure,1
elasticsearch-tokenizer,1
paint,1
plugin-framework,1
gcode-viewer,1
rest-countries,1
meyer,1
cql,1
graph-datastructures,1
xxl-api,1
3d-graphics,1
tumblr,1
drawer-layout,1
vinyl,1
evolutionary-algorithms,1
event-driven,1
du,1
rhino,1
can,1
aouth2,1
juc,1
liquibase,1
xmage,1
meetups,1
log-structured,1
xades,1
algorithm-challenges,1
bean-mapping,1
red5-server,1
twelvemonkeys-imageio,1
kvm,1
geo,1
xml-document,1
opc-ua,1
azure-services,1
xpath,1
app-info,1
swipe-cards,1
readmoretextview,1
rpc-library,1
fulltext-search,1
deviantart,1
ps3mediaserver,1
